,docId,text,NER
0,7WW5-NCN0-Y9J0-Y4J3-00000-00.txt,Toni,PERSON
1,7WW5-NCN0-Y9J0-Y4J3-00000-00.txt,Babcock,PERSON
2,7WW5-NCN0-Y9J0-Y4J3-00000-00.txt,Antoine,PERSON
3,7WW5-NCN0-Y9J0-Y4J3-00000-00.txt,Furlow,PERSON
4,7WW5-NCN0-Y9J0-Y4J3-00000-00.txt,Furlow,PERSON
5,7WW5-NCN0-Y9J0-Y4J3-00000-00.txt,Chad,PERSON
6,7WW5-NCN0-Y9J0-Y4J3-00000-00.txt,Chase,PERSON
7,7WW5-NCN0-Y9J0-Y4J3-00000-00.txt,Chase,PERSON
8,7WW5-NCN0-Y9J0-Y4J3-00000-00.txt,Chase,PERSON
9,7WW5-NCN0-Y9J0-Y4J3-00000-00.txt,Mike,PERSON
10,7WW5-NCN0-Y9J0-Y4J3-00000-00.txt,Howell,PERSON
11,7WW5-NCN0-Y9J0-Y4J3-00000-00.txt,Iowa,ORGANIZATION
12,7WW5-NCN0-Y9J0-Y4J3-00000-00.txt,Vocational,ORGANIZATION
13,7WW5-NCN0-Y9J0-Y4J3-00000-00.txt,Rehabilitation,ORGANIZATION
14,7WW5-NCN0-Y9J0-Y4J3-00000-00.txt,Services,ORGANIZATION
15,7WW5-NCN0-Y9J0-Y4J3-00000-00.txt,Howell,PERSON
16,7WW5-NCN0-Y9J0-Y4J3-00000-00.txt,IBM,ORGANIZATION
17,7WW5-NCN0-Y9J0-Y4J3-00000-00.txt,Howell,PERSON
18,7WW5-NCN0-Y9J0-Y4J3-00000-00.txt,Steve,PERSON
19,7WW5-NCN0-Y9J0-Y4J3-00000-00.txt,Sesterhenn,PERSON
20,7WW5-NCN0-Y9J0-Y4J3-00000-00.txt,Sesterhenn,PERSON
21,7WW5-NCN0-Y9J0-Y4J3-00000-00.txt,James,PERSON
22,7WW5-NCN0-Y9J0-Y4J3-00000-00.txt,Whitley,PERSON
23,7WW5-NCN0-Y9J0-Y4J3-00000-00.txt,Iowa,ORGANIZATION
24,7WW5-NCN0-Y9J0-Y4J3-00000-00.txt,Workforce,ORGANIZATION
25,7WW5-NCN0-Y9J0-Y4J3-00000-00.txt,Development,ORGANIZATION
26,7WW5-NCN0-Y9J0-Y4J3-00000-00.txt,Greater,ORGANIZATION
27,7WW5-NCN0-Y9J0-Y4J3-00000-00.txt,Cedar,ORGANIZATION
28,7WW5-NCN0-Y9J0-Y4J3-00000-00.txt,Valley,ORGANIZATION
29,7WW5-NCN0-Y9J0-Y4J3-00000-00.txt,Alliance,ORGANIZATION
30,7WW5-NCN0-Y9J0-Y4J3-00000-00.txt,Iowa,ORGANIZATION
31,7WW5-NCN0-Y9J0-Y4J3-00000-00.txt,Vocational,ORGANIZATION
32,7WW5-NCN0-Y9J0-Y4J3-00000-00.txt,Rehabilitation,ORGANIZATION
33,7WW5-NCN0-Y9J0-Y4J3-00000-00.txt,Services,ORGANIZATION
34,7WW5-NCN0-Y9J0-Y4J3-00000-00.txt,Waterloo,PERSON
35,7WW5-NCN0-Y9J0-Y4J3-00000-00.txt,-,PERSON
36,7WW5-NCN0-Y9J0-Y4J3-00000-00.txt,Cedar,PERSON
37,7WW5-NCN0-Y9J0-Y4J3-00000-00.txt,Falls,PERSON
38,7WW5-NCN0-Y9J0-Y4J3-00000-00.txt,Courier,PERSON
39,7WW5-NCN0-Y9J0-Y4J3-00000-00.txt,McClatchy,ORGANIZATION
40,7WW5-NCN0-Y9J0-Y4J3-00000-00.txt,-,ORGANIZATION
41,7WW5-NCN0-Y9J0-Y4J3-00000-00.txt,Tribune,ORGANIZATION
42,7WW5-NCN0-Y9J0-Y4J3-00000-00.txt,Information,ORGANIZATION
43,7WW5-NCN0-Y9J0-Y4J3-00000-00.txt,Services,ORGANIZATION
44,7WW5-NCN0-Y9J0-Y4J3-00000-00.txt,Permissions,ORGANIZATION
45,7WW5-NCN0-Y9J0-Y4J3-00000-00.txt,Group,ORGANIZATION
46,7WW5-NCN0-Y9J0-Y4J3-00000-00.txt,Inc.,ORGANIZATION
47,7WW5-NCN0-Y9J0-Y4J3-00000-00.txt,McClatchy,ORGANIZATION
48,7WW5-NCN0-Y9J0-Y4J3-00000-00.txt,-,ORGANIZATION
49,7WW5-NCN0-Y9J0-Y4J3-00000-00.txt,Tribune,ORGANIZATION
50,7WW5-NCN0-Y9J0-Y4J3-00000-00.txt,Business,ORGANIZATION
51,7WW5-NCN0-Y9J0-Y4J3-00000-00.txt,News,ORGANIZATION
52,4V9P-VY20-TX12-N1M1-00000-00.txt,American,ORGANIZATION
53,4V9P-VY20-TX12-N1M1-00000-00.txt,Home,ORGANIZATION
54,4V9P-VY20-TX12-N1M1-00000-00.txt,Lending,ORGANIZATION
55,4V9P-VY20-TX12-N1M1-00000-00.txt,Beck,PERSON
56,4V9P-VY20-TX12-N1M1-00000-00.txt,Beck,PERSON
57,4V9P-VY20-TX12-N1M1-00000-00.txt,Tammie,PERSON
58,4V9P-VY20-TX12-N1M1-00000-00.txt,Rister,PERSON
59,4V9P-VY20-TX12-N1M1-00000-00.txt,John,PERSON
60,4V9P-VY20-TX12-N1M1-00000-00.txt,Meile,PERSON
61,4V9P-VY20-TX12-N1M1-00000-00.txt,First,ORGANIZATION
62,4V9P-VY20-TX12-N1M1-00000-00.txt,Integrity,ORGANIZATION
63,4V9P-VY20-TX12-N1M1-00000-00.txt,Mortgage,ORGANIZATION
64,4V9P-VY20-TX12-N1M1-00000-00.txt,Meile,PERSON
65,4V9P-VY20-TX12-N1M1-00000-00.txt,The,ORGANIZATION
66,4V9P-VY20-TX12-N1M1-00000-00.txt,Fed,ORGANIZATION
67,4V9P-VY20-TX12-N1M1-00000-00.txt,The,ORGANIZATION
68,4V9P-VY20-TX12-N1M1-00000-00.txt,Fed,ORGANIZATION
69,4V9P-VY20-TX12-N1M1-00000-00.txt,Charlene,PERSON
70,4V9P-VY20-TX12-N1M1-00000-00.txt,Walker,PERSON
71,4V9P-VY20-TX12-N1M1-00000-00.txt,Max,ORGANIZATION
72,4V9P-VY20-TX12-N1M1-00000-00.txt,Preferred,ORGANIZATION
73,4V9P-VY20-TX12-N1M1-00000-00.txt,Partners,ORGANIZATION
74,4V9P-VY20-TX12-N1M1-00000-00.txt,Walker,PERSON
75,4V9P-VY20-TX12-N1M1-00000-00.txt,McClatchy,ORGANIZATION
76,4V9P-VY20-TX12-N1M1-00000-00.txt,-,ORGANIZATION
77,4V9P-VY20-TX12-N1M1-00000-00.txt,Tribune,ORGANIZATION
78,4V9P-VY20-TX12-N1M1-00000-00.txt,Information,ORGANIZATION
79,4V9P-VY20-TX12-N1M1-00000-00.txt,Services,ORGANIZATION
80,4V9P-VY20-TX12-N1M1-00000-00.txt,Permissions,ORGANIZATION
81,4V9P-VY20-TX12-N1M1-00000-00.txt,Group,ORGANIZATION
82,4V9P-VY20-TX12-N1M1-00000-00.txt,Inc.,ORGANIZATION
83,4V9P-VY20-TX12-N1M1-00000-00.txt,McClatchy,ORGANIZATION
84,4V9P-VY20-TX12-N1M1-00000-00.txt,-,ORGANIZATION
85,4V9P-VY20-TX12-N1M1-00000-00.txt,Tribune,ORGANIZATION
86,4V9P-VY20-TX12-N1M1-00000-00.txt,Business,ORGANIZATION
87,4V9P-VY20-TX12-N1M1-00000-00.txt,News,ORGANIZATION
88,7VJP-MPP1-2R2Y-710X-00000-00.txt,Doha,ORGANIZATION
89,7VJP-MPP1-2R2Y-710X-00000-00.txt,Securities,ORGANIZATION
90,7VJP-MPP1-2R2Y-710X-00000-00.txt,Market,ORGANIZATION
91,7VJP-MPP1-2R2Y-710X-00000-00.txt,DSM,ORGANIZATION
92,7VJP-MPP1-2R2Y-710X-00000-00.txt,Zad,ORGANIZATION
93,7VJP-MPP1-2R2Y-710X-00000-00.txt,Holding,ORGANIZATION
94,7VJP-MPP1-2R2Y-710X-00000-00.txt,Company,ORGANIZATION
95,7VJP-MPP1-2R2Y-710X-00000-00.txt,Gulf,ORGANIZATION
96,7VJP-MPP1-2R2Y-710X-00000-00.txt,Holding,ORGANIZATION
97,7VJP-MPP1-2R2Y-710X-00000-00.txt,DSM,ORGANIZATION
98,7VJP-MPP1-2R2Y-710X-00000-00.txt,Abu,ORGANIZATION
99,7VJP-MPP1-2R2Y-710X-00000-00.txt,Dhabi,ORGANIZATION
100,7VJP-MPP1-2R2Y-710X-00000-00.txt,Securities,ORGANIZATION
101,7VJP-MPP1-2R2Y-710X-00000-00.txt,Exchange,ORGANIZATION
102,7VJP-MPP1-2R2Y-710X-00000-00.txt,Aldar,PERSON
103,7VJP-MPP1-2R2Y-710X-00000-00.txt,Sorouh,PERSON
104,7VJP-MPP1-2R2Y-710X-00000-00.txt,Bank,ORGANIZATION
105,7VJP-MPP1-2R2Y-710X-00000-00.txt,of,ORGANIZATION
106,7VJP-MPP1-2R2Y-710X-00000-00.txt,Abu,ORGANIZATION
107,7VJP-MPP1-2R2Y-710X-00000-00.txt,Dhabi,ORGANIZATION
108,7VJP-MPP1-2R2Y-710X-00000-00.txt,NBAD,ORGANIZATION
109,7VJP-MPP1-2R2Y-710X-00000-00.txt,UAE,ORGANIZATION
110,7VJP-MPP1-2R2Y-710X-00000-00.txt,Emirates,ORGANIZATION
111,7VJP-MPP1-2R2Y-710X-00000-00.txt,NBD,ORGANIZATION
112,7VJP-MPP1-2R2Y-710X-00000-00.txt,Bank,ORGANIZATION
113,7VJP-MPP1-2R2Y-710X-00000-00.txt,of,ORGANIZATION
114,7VJP-MPP1-2R2Y-710X-00000-00.txt,Ras,ORGANIZATION
115,7VJP-MPP1-2R2Y-710X-00000-00.txt,Al,ORGANIZATION
116,7VJP-MPP1-2R2Y-710X-00000-00.txt,-,ORGANIZATION
117,7VJP-MPP1-2R2Y-710X-00000-00.txt,Khaima,ORGANIZATION
118,7VJP-MPP1-2R2Y-710X-00000-00.txt,RAK,ORGANIZATION
119,7VJP-MPP1-2R2Y-710X-00000-00.txt,Bank,ORGANIZATION
120,7VJP-MPP1-2R2Y-710X-00000-00.txt,Dartakaful,PERSON
121,7VJP-MPP1-2R2Y-710X-00000-00.txt,Ajmanbank,ORGANIZATION
122,7VJP-MPP1-2R2Y-710X-00000-00.txt,Ektittab,PERSON
123,7VJP-MPP1-2R2Y-710X-00000-00.txt,Labour,ORGANIZATION
124,7VJP-MPP1-2R2Y-710X-00000-00.txt,Saqr,PERSON
125,7VJP-MPP1-2R2Y-710X-00000-00.txt,Ghobash,PERSON
126,7VJP-MPP1-2R2Y-710X-00000-00.txt,Shaikh,PERSON
127,7VJP-MPP1-2R2Y-710X-00000-00.txt,Mohammad,PERSON
128,7VJP-MPP1-2R2Y-710X-00000-00.txt,Eisa,PERSON
129,7VJP-MPP1-2R2Y-710X-00000-00.txt,Al,PERSON
130,7VJP-MPP1-2R2Y-710X-00000-00.txt,Khalifa,PERSON
131,7VJP-MPP1-2R2Y-710X-00000-00.txt,Bahrain,ORGANIZATION
132,7VJP-MPP1-2R2Y-710X-00000-00.txt,Social,ORGANIZATION
133,7VJP-MPP1-2R2Y-710X-00000-00.txt,Insurance,ORGANIZATION
134,7VJP-MPP1-2R2Y-710X-00000-00.txt,Organisation,ORGANIZATION
135,7VJP-MPP1-2R2Y-710X-00000-00.txt,Al,PERSON
136,7VJP-MPP1-2R2Y-710X-00000-00.txt,Khalifa,PERSON
137,7VJP-MPP1-2R2Y-710X-00000-00.txt,Gulf,ORGANIZATION
138,7VJP-MPP1-2R2Y-710X-00000-00.txt,News.AABAR,ORGANIZATION
139,7VJP-MPP1-2R2Y-710X-00000-00.txt,Aabar,ORGANIZATION
140,7VJP-MPP1-2R2Y-710X-00000-00.txt,Investments,ORGANIZATION
141,7VJP-MPP1-2R2Y-710X-00000-00.txt,International,ORGANIZATION
142,7VJP-MPP1-2R2Y-710X-00000-00.txt,Petroleum,ORGANIZATION
143,7VJP-MPP1-2R2Y-710X-00000-00.txt,Investment,ORGANIZATION
144,7VJP-MPP1-2R2Y-710X-00000-00.txt,Co,ORGANIZATION
145,7VJP-MPP1-2R2Y-710X-00000-00.txt,Aabar,PERSON
146,7VJP-MPP1-2R2Y-710X-00000-00.txt,Abu,PERSON
147,7VJP-MPP1-2R2Y-710X-00000-00.txt,Dhabi,PERSON
148,7VJP-MPP1-2R2Y-710X-00000-00.txt,United,ORGANIZATION
149,7VJP-MPP1-2R2Y-710X-00000-00.txt,Arab,ORGANIZATION
150,7VJP-MPP1-2R2Y-710X-00000-00.txt,Emirates,ORGANIZATION
151,7VJP-MPP1-2R2Y-710X-00000-00.txt,McClatchy,ORGANIZATION
152,7VJP-MPP1-2R2Y-710X-00000-00.txt,-,ORGANIZATION
153,7VJP-MPP1-2R2Y-710X-00000-00.txt,Tribune,ORGANIZATION
154,7VJP-MPP1-2R2Y-710X-00000-00.txt,Information,ORGANIZATION
155,7VJP-MPP1-2R2Y-710X-00000-00.txt,Services,ORGANIZATION
156,7VJP-MPP1-2R2Y-710X-00000-00.txt,Permissions,ORGANIZATION
157,7VJP-MPP1-2R2Y-710X-00000-00.txt,Group,ORGANIZATION
158,7VJP-MPP1-2R2Y-710X-00000-00.txt,Inc.,ORGANIZATION
159,7VJP-MPP1-2R2Y-710X-00000-00.txt,McClatchy,ORGANIZATION
160,7VJP-MPP1-2R2Y-710X-00000-00.txt,-,ORGANIZATION
161,7VJP-MPP1-2R2Y-710X-00000-00.txt,Tribune,ORGANIZATION
162,7VJP-MPP1-2R2Y-710X-00000-00.txt,Business,ORGANIZATION
163,7VJP-MPP1-2R2Y-710X-00000-00.txt,News,ORGANIZATION
164,7VH9-PTG1-2PMW-Y0D1-00000-00.txt,University,ORGANIZATION
165,7VH9-PTG1-2PMW-Y0D1-00000-00.txt,of,ORGANIZATION
166,7VH9-PTG1-2PMW-Y0D1-00000-00.txt,Chicago,ORGANIZATION
167,7VH9-PTG1-2PMW-Y0D1-00000-00.txt,College,ORGANIZATION
168,7VH9-PTG1-2PMW-Y0D1-00000-00.txt,'s,ORGANIZATION
169,7VH9-PTG1-2PMW-Y0D1-00000-00.txt,Financial,ORGANIZATION
170,7VH9-PTG1-2PMW-Y0D1-00000-00.txt,Aid,ORGANIZATION
171,7VH9-PTG1-2PMW-Y0D1-00000-00.txt,Office,ORGANIZATION
172,7VH9-PTG1-2PMW-Y0D1-00000-00.txt,Alicia,PERSON
173,7VH9-PTG1-2PMW-Y0D1-00000-00.txt,Reyes,PERSON
174,7VH9-PTG1-2PMW-Y0D1-00000-00.txt,New,ORGANIZATION
175,7VH9-PTG1-2PMW-Y0D1-00000-00.txt,York,ORGANIZATION
176,7VH9-PTG1-2PMW-Y0D1-00000-00.txt,Times,ORGANIZATION
177,7VH9-PTG1-2PMW-Y0D1-00000-00.txt,Reyes,PERSON
178,7VH9-PTG1-2PMW-Y0D1-00000-00.txt,Reyes,PERSON
179,7VH9-PTG1-2PMW-Y0D1-00000-00.txt,Reyes,PERSON
180,7VH9-PTG1-2PMW-Y0D1-00000-00.txt,Reyes,PERSON
181,7VH9-PTG1-2PMW-Y0D1-00000-00.txt,Reyes,PERSON
182,7VH9-PTG1-2PMW-Y0D1-00000-00.txt,College,ORGANIZATION
183,7Y85-PKR0-YBKJ-B2B9-00000-00.txt,European,ORGANIZATION
184,7Y85-PKR0-YBKJ-B2B9-00000-00.txt,Commission,ORGANIZATION
185,4T6N-D1B0-TX12-N0W2-00000-00.txt,Commerce,ORGANIZATION
186,4T6N-D1B0-TX12-N0W2-00000-00.txt,Department,ORGANIZATION
187,4T6N-D1B0-TX12-N0W2-00000-00.txt,JPMorgan,ORGANIZATION
188,4T6N-D1B0-TX12-N0W2-00000-00.txt,Chase,ORGANIZATION
189,4T6N-D1B0-TX12-N0W2-00000-00.txt,&,ORGANIZATION
190,4T6N-D1B0-TX12-N0W2-00000-00.txt,Co.,ORGANIZATION
191,4T6N-D1B0-TX12-N0W2-00000-00.txt,Nigel,PERSON
192,4T6N-D1B0-TX12-N0W2-00000-00.txt,Gault,PERSON
193,4T6N-D1B0-TX12-N0W2-00000-00.txt,Global,ORGANIZATION
194,4T6N-D1B0-TX12-N0W2-00000-00.txt,Insight,ORGANIZATION
195,4T6N-D1B0-TX12-N0W2-00000-00.txt,Joel,PERSON
196,4T6N-D1B0-TX12-N0W2-00000-00.txt,Naroff,PERSON
197,4T6N-D1B0-TX12-N0W2-00000-00.txt,Naroff,ORGANIZATION
198,4T6N-D1B0-TX12-N0W2-00000-00.txt,Economic,ORGANIZATION
199,4T6N-D1B0-TX12-N0W2-00000-00.txt,Advisors,ORGANIZATION
200,4T6N-D1B0-TX12-N0W2-00000-00.txt,Frank,PERSON
201,4T6N-D1B0-TX12-N0W2-00000-00.txt,Vargo,PERSON
202,4T6N-D1B0-TX12-N0W2-00000-00.txt,National,ORGANIZATION
203,4T6N-D1B0-TX12-N0W2-00000-00.txt,Association,ORGANIZATION
204,4T6N-D1B0-TX12-N0W2-00000-00.txt,of,ORGANIZATION
205,4T6N-D1B0-TX12-N0W2-00000-00.txt,Manufacturers,ORGANIZATION
206,4T6N-D1B0-TX12-N0W2-00000-00.txt,Bush,PERSON
207,4T6N-D1B0-TX12-N0W2-00000-00.txt,Congress,ORGANIZATION
208,4T6N-D1B0-TX12-N0W2-00000-00.txt,Carlos,PERSON
209,4T6N-D1B0-TX12-N0W2-00000-00.txt,Gutierrez,PERSON
210,4T6N-D1B0-TX12-N0W2-00000-00.txt,Congress,ORGANIZATION
211,4T6N-D1B0-TX12-N0W2-00000-00.txt,Bush,PERSON
212,4T6N-D1B0-TX12-N0W2-00000-00.txt,John,PERSON
213,4T6N-D1B0-TX12-N0W2-00000-00.txt,McCain,PERSON
214,4T6N-D1B0-TX12-N0W2-00000-00.txt,Presumptive,ORGANIZATION
215,4T6N-D1B0-TX12-N0W2-00000-00.txt,Democratic,ORGANIZATION
216,4T6N-D1B0-TX12-N0W2-00000-00.txt,Barack,PERSON
217,4T6N-D1B0-TX12-N0W2-00000-00.txt,Obama,PERSON
218,4T6N-D1B0-TX12-N0W2-00000-00.txt,Bush,PERSON
219,4T6N-D1B0-TX12-N0W2-00000-00.txt,Henry,PERSON
220,4T6N-D1B0-TX12-N0W2-00000-00.txt,Paulson,PERSON
221,4T6N-D1B0-TX12-N0W2-00000-00.txt,Congress,ORGANIZATION
222,4T6N-D1B0-TX12-N0W2-00000-00.txt,European,ORGANIZATION
223,4T6N-D1B0-TX12-N0W2-00000-00.txt,Union,ORGANIZATION
224,4T6N-D1B0-TX12-N0W2-00000-00.txt,Oakland,ORGANIZATION
225,4T6N-D1B0-TX12-N0W2-00000-00.txt,Tribune,ORGANIZATION
226,4T6N-D1B0-TX12-N0W2-00000-00.txt,Oakland,ORGANIZATION
227,4T6N-D1B0-TX12-N0W2-00000-00.txt,Tribune,ORGANIZATION
228,4T6N-D1B0-TX12-N0W2-00000-00.txt,McClatchy,ORGANIZATION
229,4T6N-D1B0-TX12-N0W2-00000-00.txt,-,ORGANIZATION
230,4T6N-D1B0-TX12-N0W2-00000-00.txt,Tribune,ORGANIZATION
231,4T6N-D1B0-TX12-N0W2-00000-00.txt,Information,ORGANIZATION
232,4T6N-D1B0-TX12-N0W2-00000-00.txt,Services,ORGANIZATION
233,4T6N-D1B0-TX12-N0W2-00000-00.txt,Permissions,ORGANIZATION
234,4T6N-D1B0-TX12-N0W2-00000-00.txt,Group,ORGANIZATION
235,4T6N-D1B0-TX12-N0W2-00000-00.txt,Inc.,ORGANIZATION
236,4T6N-D1B0-TX12-N0W2-00000-00.txt,McClatchy,ORGANIZATION
237,4T6N-D1B0-TX12-N0W2-00000-00.txt,-,ORGANIZATION
238,4T6N-D1B0-TX12-N0W2-00000-00.txt,Tribune,ORGANIZATION
239,4T6N-D1B0-TX12-N0W2-00000-00.txt,Business,ORGANIZATION
240,4T6N-D1B0-TX12-N0W2-00000-00.txt,News,ORGANIZATION
241,7V4B-GJD1-2R2Y-7180-00000-00.txt,Tom,PERSON
242,7V4B-GJD1-2R2Y-7180-00000-00.txt,Stinson,PERSON
243,7V4B-GJD1-2R2Y-7180-00000-00.txt,Tim,PERSON
244,7V4B-GJD1-2R2Y-7180-00000-00.txt,Pawlenty,PERSON
245,7V4B-GJD1-2R2Y-7180-00000-00.txt,Stinson,PERSON
246,7V4B-GJD1-2R2Y-7180-00000-00.txt,Stinson,PERSON
247,7V4B-GJD1-2R2Y-7180-00000-00.txt,Stinson,PERSON
248,7V4B-GJD1-2R2Y-7180-00000-00.txt,Stinson,PERSON
249,7V4B-GJD1-2R2Y-7180-00000-00.txt,Pioneer,ORGANIZATION
250,7V4B-GJD1-2R2Y-7180-00000-00.txt,Press,ORGANIZATION
251,7V4B-GJD1-2R2Y-7180-00000-00.txt,Congress,ORGANIZATION
252,7V4B-GJD1-2R2Y-7180-00000-00.txt,Christ,PERSON
253,7V4B-GJD1-2R2Y-7180-00000-00.txt,University,ORGANIZATION
254,7V4B-GJD1-2R2Y-7180-00000-00.txt,of,ORGANIZATION
255,7V4B-GJD1-2R2Y-7180-00000-00.txt,Minnesota,ORGANIZATION
256,7V4B-GJD1-2R2Y-7180-00000-00.txt,Dan,PERSON
257,7V4B-GJD1-2R2Y-7180-00000-00.txt,Laufenberg,PERSON
258,7V4B-GJD1-2R2Y-7180-00000-00.txt,Council,ORGANIZATION
259,7V4B-GJD1-2R2Y-7180-00000-00.txt,of,ORGANIZATION
260,7V4B-GJD1-2R2Y-7180-00000-00.txt,Economic,ORGANIZATION
261,7V4B-GJD1-2R2Y-7180-00000-00.txt,Advisers,ORGANIZATION
262,7V4B-GJD1-2R2Y-7180-00000-00.txt,Ameriprise,ORGANIZATION
263,7V4B-GJD1-2R2Y-7180-00000-00.txt,Financial,ORGANIZATION
264,7V4B-GJD1-2R2Y-7180-00000-00.txt,Pioneer,ORGANIZATION
265,7V4B-GJD1-2R2Y-7180-00000-00.txt,Press,ORGANIZATION
266,7V4B-GJD1-2R2Y-7180-00000-00.txt,Pioneer,ORGANIZATION
267,7V4B-GJD1-2R2Y-7180-00000-00.txt,Press,ORGANIZATION
268,7V4B-GJD1-2R2Y-7180-00000-00.txt,McClatchy,ORGANIZATION
269,7V4B-GJD1-2R2Y-7180-00000-00.txt,-,ORGANIZATION
270,7V4B-GJD1-2R2Y-7180-00000-00.txt,Tribune,ORGANIZATION
271,7V4B-GJD1-2R2Y-7180-00000-00.txt,Information,ORGANIZATION
272,7V4B-GJD1-2R2Y-7180-00000-00.txt,Services,ORGANIZATION
273,7V4B-GJD1-2R2Y-7180-00000-00.txt,Permissions,ORGANIZATION
274,7V4B-GJD1-2R2Y-7180-00000-00.txt,Group,ORGANIZATION
275,7V4B-GJD1-2R2Y-7180-00000-00.txt,Inc.,ORGANIZATION
276,7V4B-GJD1-2R2Y-7180-00000-00.txt,McClatchy,ORGANIZATION
277,7V4B-GJD1-2R2Y-7180-00000-00.txt,-,ORGANIZATION
278,7V4B-GJD1-2R2Y-7180-00000-00.txt,Tribune,ORGANIZATION
279,7V4B-GJD1-2R2Y-7180-00000-00.txt,Business,ORGANIZATION
280,7V4B-GJD1-2R2Y-7180-00000-00.txt,News,ORGANIZATION
281,4VDJ-DVW0-TX4Y-70S3-00000-00.txt,Circuit,ORGANIZATION
282,4VDJ-DVW0-TX4Y-70S3-00000-00.txt,City,ORGANIZATION
283,4VDJ-DVW0-TX4Y-70S3-00000-00.txt,Circuit,ORGANIZATION
284,4VDJ-DVW0-TX4Y-70S3-00000-00.txt,City,ORGANIZATION
285,4VDJ-DVW0-TX4Y-70S3-00000-00.txt,Stores,ORGANIZATION
286,4VDJ-DVW0-TX4Y-70S3-00000-00.txt,Inc.has,ORGANIZATION
287,4VDJ-DVW0-TX4Y-70S3-00000-00.txt,Circuit,ORGANIZATION
288,4VDJ-DVW0-TX4Y-70S3-00000-00.txt,City,ORGANIZATION
289,4VDJ-DVW0-TX4Y-70S3-00000-00.txt,KB,ORGANIZATION
290,4VDJ-DVW0-TX4Y-70S3-00000-00.txt,Toys,ORGANIZATION
291,4VDJ-DVW0-TX4Y-70S3-00000-00.txt,Mervyns,ORGANIZATION
292,4VDJ-DVW0-TX4Y-70S3-00000-00.txt,LLC,ORGANIZATION
293,4VDJ-DVW0-TX4Y-70S3-00000-00.txt,Alan,PERSON
294,4VDJ-DVW0-TX4Y-70S3-00000-00.txt,L.,PERSON
295,4VDJ-DVW0-TX4Y-70S3-00000-00.txt,Wurtzel,PERSON
296,4VDJ-DVW0-TX4Y-70S3-00000-00.txt,Samuel,PERSON
297,4VDJ-DVW0-TX4Y-70S3-00000-00.txt,S.,PERSON
298,4VDJ-DVW0-TX4Y-70S3-00000-00.txt,Wurtzel,PERSON
299,4VDJ-DVW0-TX4Y-70S3-00000-00.txt,Circuit,ORGANIZATION
300,4VDJ-DVW0-TX4Y-70S3-00000-00.txt,City,ORGANIZATION
301,4VDJ-DVW0-TX4Y-70S3-00000-00.txt,Circuit,ORGANIZATION
302,4VDJ-DVW0-TX4Y-70S3-00000-00.txt,City,ORGANIZATION
303,4VDJ-DVW0-TX4Y-70S3-00000-00.txt,Best,ORGANIZATION
304,4VDJ-DVW0-TX4Y-70S3-00000-00.txt,Buy,ORGANIZATION
305,4VDJ-DVW0-TX4Y-70S3-00000-00.txt,Co.,ORGANIZATION
306,4VDJ-DVW0-TX4Y-70S3-00000-00.txt,Circuit,ORGANIZATION
307,4VDJ-DVW0-TX4Y-70S3-00000-00.txt,City,ORGANIZATION
308,4VDJ-DVW0-TX4Y-70S3-00000-00.txt,Kevin,PERSON
309,4VDJ-DVW0-TX4Y-70S3-00000-00.txt,Huennekens,PERSON
310,4VDJ-DVW0-TX4Y-70S3-00000-00.txt,Gottschalks,ORGANIZATION
311,4VDJ-DVW0-TX4Y-70S3-00000-00.txt,Inc.,ORGANIZATION
312,4VDJ-DVW0-TX4Y-70S3-00000-00.txt,Nicole,PERSON
313,4VDJ-DVW0-TX4Y-70S3-00000-00.txt,Hutcheson,PERSON
314,4VDJ-DVW0-TX4Y-70S3-00000-00.txt,James,PERSON
315,4VDJ-DVW0-TX4Y-70S3-00000-00.txt,Thorner,PERSON
316,4VDJ-DVW0-TX4Y-70S3-00000-00.txt,Associated,ORGANIZATION
317,4VDJ-DVW0-TX4Y-70S3-00000-00.txt,Press,ORGANIZATION
318,4VDJ-DVW0-TX4Y-70S3-00000-00.txt,and,ORGANIZATION
319,4VDJ-DVW0-TX4Y-70S3-00000-00.txt,Times,ORGANIZATION
320,4VDJ-DVW0-TX4Y-70S3-00000-00.txt,Tampa,PERSON
321,4VDJ-DVW0-TX4Y-70S3-00000-00.txt,-,PERSON
322,4VDJ-DVW0-TX4Y-70S3-00000-00.txt,Brandon,PERSON
323,4VDJ-DVW0-TX4Y-70S3-00000-00.txt,Tampa,PERSON
324,4VDJ-DVW0-TX4Y-70S3-00000-00.txt,-,PERSON
325,4VDJ-DVW0-TX4Y-70S3-00000-00.txt,Port,PERSON
326,4VDJ-DVW0-TX4Y-70S3-00000-00.txt,Richey,PERSON
327,4VDJ-DVW0-TX4Y-70S3-00000-00.txt,Circuit,ORGANIZATION
328,4VDJ-DVW0-TX4Y-70S3-00000-00.txt,City,ORGANIZATION
329,4VDJ-DVW0-TX4Y-70S3-00000-00.txt,Circuit,ORGANIZATION
330,4VDJ-DVW0-TX4Y-70S3-00000-00.txt,City,ORGANIZATION
331,4VDJ-DVW0-TX4Y-70S3-00000-00.txt,warranty?All,ORGANIZATION
332,4VDJ-DVW0-TX4Y-70S3-00000-00.txt,Circuit,ORGANIZATION
333,4VDJ-DVW0-TX4Y-70S3-00000-00.txt,City,ORGANIZATION
334,4VDJ-DVW0-TX4Y-70S3-00000-00.txt,Circuit,ORGANIZATION
335,4VDJ-DVW0-TX4Y-70S3-00000-00.txt,City,ORGANIZATION
336,7VHC-0TX0-Y8T5-Y2RN-00000-00.txt,Fred,PERSON
337,7VHC-0TX0-Y8T5-Y2RN-00000-00.txt,Hiatt,PERSON
338,7VHC-0TX0-Y8T5-Y2RN-00000-00.txt,Obama,PERSON
339,7VHC-0TX0-Y8T5-Y2RN-00000-00.txt,Fiscal,ORGANIZATION
340,7VHC-0TX0-Y8T5-Y2RN-00000-00.txt,Future,ORGANIZATION
341,7VHC-0TX0-Y8T5-Y2RN-00000-00.txt,Commission,ORGANIZATION
342,7VHC-0TX0-Y8T5-Y2RN-00000-00.txt,Congress,ORGANIZATION
343,4TD4-V4M0-TW87-N162-00000-00.txt,Richard,PERSON
344,4TD4-V4M0-TW87-N162-00000-00.txt,Fairbank,PERSON
345,4TD4-V4M0-TW87-N162-00000-00.txt,Capital,ORGANIZATION
346,4TD4-V4M0-TW87-N162-00000-00.txt,One,ORGANIZATION
347,4TD4-V4M0-TW87-N162-00000-00.txt,Hibernia,ORGANIZATION
348,4TD4-V4M0-TW87-N162-00000-00.txt,National,ORGANIZATION
349,4TD4-V4M0-TW87-N162-00000-00.txt,Bank,ORGANIZATION
350,4TD4-V4M0-TW87-N162-00000-00.txt,Hibernia,ORGANIZATION
351,4TD4-V4M0-TW87-N162-00000-00.txt,Carolyn,PERSON
352,4TD4-V4M0-TW87-N162-00000-00.txt,Drexel,PERSON
353,4TD4-V4M0-TW87-N162-00000-00.txt,Signature,ORGANIZATION
354,4TD4-V4M0-TW87-N162-00000-00.txt,Bank,ORGANIZATION
355,4TD4-V4M0-TW87-N162-00000-00.txt,John,PERSON
356,4TD4-V4M0-TW87-N162-00000-00.txt,Kanas,PERSON
357,4TD4-V4M0-TW87-N162-00000-00.txt,James,PERSON
358,4TD4-V4M0-TW87-N162-00000-00.txt,F.,PERSON
359,4TD4-V4M0-TW87-N162-00000-00.txt,Reeve,PERSON
360,4TD4-V4M0-TW87-N162-00000-00.txt,North,ORGANIZATION
361,4TD4-V4M0-TW87-N162-00000-00.txt,Fork,ORGANIZATION
362,4TD4-V4M0-TW87-N162-00000-00.txt,Clash,PERSON
363,4TD4-V4M0-TW87-N162-00000-00.txt,Fairbank,PERSON
364,4TD4-V4M0-TW87-N162-00000-00.txt,Fairbank,PERSON
365,4TD4-V4M0-TW87-N162-00000-00.txt,Fairbank,ORGANIZATION
366,4TD4-V4M0-TW87-N162-00000-00.txt,Bob,PERSON
367,4TD4-V4M0-TW87-N162-00000-00.txt,Hughes,PERSON
368,4TD4-V4M0-TW87-N162-00000-00.txt,Keefe,ORGANIZATION
369,4TD4-V4M0-TW87-N162-00000-00.txt,Bruyette,ORGANIZATION
370,4TD4-V4M0-TW87-N162-00000-00.txt,&,ORGANIZATION
371,4TD4-V4M0-TW87-N162-00000-00.txt,Wood,ORGANIZATION
372,4TD4-V4M0-TW87-N162-00000-00.txt,Stanford,ORGANIZATION
373,4TD4-V4M0-TW87-N162-00000-00.txt,Fairbank,PERSON
374,4TD4-V4M0-TW87-N162-00000-00.txt,Stanford,ORGANIZATION
375,4TD4-V4M0-TW87-N162-00000-00.txt,Fairbank,PERSON
376,4TD4-V4M0-TW87-N162-00000-00.txt,Nigel,PERSON
377,4TD4-V4M0-TW87-N162-00000-00.txt,Morris,PERSON
378,4TD4-V4M0-TW87-N162-00000-00.txt,Signet,ORGANIZATION
379,4TD4-V4M0-TW87-N162-00000-00.txt,Bank,ORGANIZATION
380,4TD4-V4M0-TW87-N162-00000-00.txt,Fairbank,PERSON
381,4TD4-V4M0-TW87-N162-00000-00.txt,Morris,PERSON
382,4TD4-V4M0-TW87-N162-00000-00.txt,Fairbank,PERSON
383,4TD4-V4M0-TW87-N162-00000-00.txt,Morris,PERSON
384,4TD4-V4M0-TW87-N162-00000-00.txt,Morris,PERSON
385,4TD4-V4M0-TW87-N162-00000-00.txt,Rich,PERSON
386,4TD4-V4M0-TW87-N162-00000-00.txt,Signet,ORGANIZATION
387,4TD4-V4M0-TW87-N162-00000-00.txt,Fairbank,ORGANIZATION
388,4TD4-V4M0-TW87-N162-00000-00.txt,Fairbank,PERSON
389,4TD4-V4M0-TW87-N162-00000-00.txt,Enron,ORGANIZATION
390,4TD4-V4M0-TW87-N162-00000-00.txt,Fairbank,ORGANIZATION
391,4TD4-V4M0-TW87-N162-00000-00.txt,Hibernia,ORGANIZATION
392,4TD4-V4M0-TW87-N162-00000-00.txt,North,PERSON
393,4TD4-V4M0-TW87-N162-00000-00.txt,Fork,PERSON
394,4TD4-V4M0-TW87-N162-00000-00.txt,Hibernia,ORGANIZATION
395,4TD4-V4M0-TW87-N162-00000-00.txt,Hibernia,ORGANIZATION
396,4TD4-V4M0-TW87-N162-00000-00.txt,Hibernia,ORGANIZATION
397,4TD4-V4M0-TW87-N162-00000-00.txt,Hibernia,ORGANIZATION
398,4TD4-V4M0-TW87-N162-00000-00.txt,Kanas,PERSON
399,4TD4-V4M0-TW87-N162-00000-00.txt,Kanas,PERSON
400,4TD4-V4M0-TW87-N162-00000-00.txt,Kanas,PERSON
401,4TD4-V4M0-TW87-N162-00000-00.txt,GreenPoint,ORGANIZATION
402,4TD4-V4M0-TW87-N162-00000-00.txt,Mortgage,ORGANIZATION
403,4TD4-V4M0-TW87-N162-00000-00.txt,GreenPoint,ORGANIZATION
404,4TD4-V4M0-TW87-N162-00000-00.txt,Gary,PERSON
405,4TD4-V4M0-TW87-N162-00000-00.txt,Perlin,PERSON
406,4TD4-V4M0-TW87-N162-00000-00.txt,GreenPoint,ORGANIZATION
407,4TD4-V4M0-TW87-N162-00000-00.txt,Hibernia,ORGANIZATION
408,4TD4-V4M0-TW87-N162-00000-00.txt,Perlin,PERSON
409,4TD4-V4M0-TW87-N162-00000-00.txt,Fairbank,PERSON
410,4TD4-V4M0-TW87-N162-00000-00.txt,Alan,PERSON
411,4TD4-V4M0-TW87-N162-00000-00.txt,Greenspan.For,PERSON
412,4TD4-V4M0-TW87-N162-00000-00.txt,Fairbank,ORGANIZATION
413,4TD4-V4M0-TW87-N162-00000-00.txt,Fairbank,PERSON
414,4TD4-V4M0-TW87-N162-00000-00.txt,Fairbank,PERSON
415,4TXK-W200-TX2G-G11P-00000-00.txt,New,ORGANIZATION
416,4TXK-W200-TX2G-G11P-00000-00.txt,York,ORGANIZATION
417,4TXK-W200-TX2G-G11P-00000-00.txt,Stock,ORGANIZATION
418,4TXK-W200-TX2G-G11P-00000-00.txt,Exchange,ORGANIZATION
419,4TXK-W200-TX2G-G11P-00000-00.txt,Boise,ORGANIZATION
420,4TXK-W200-TX2G-G11P-00000-00.txt,Cascade,ORGANIZATION
421,4TXK-W200-TX2G-G11P-00000-00.txt,LLC,ORGANIZATION
422,4TXK-W200-TX2G-G11P-00000-00.txt,Aldabra,ORGANIZATION
423,4TXK-W200-TX2G-G11P-00000-00.txt,Acquisition,ORGANIZATION
424,4TXK-W200-TX2G-G11P-00000-00.txt,Corp.,ORGANIZATION
425,4TXK-W200-TX2G-G11P-00000-00.txt,Boise,ORGANIZATION
426,4TXK-W200-TX2G-G11P-00000-00.txt,Cascade,ORGANIZATION
427,4TXK-W200-TX2G-G11P-00000-00.txt,LLC,ORGANIZATION
428,4TXK-W200-TX2G-G11P-00000-00.txt,Alexander,PERSON
429,4TXK-W200-TX2G-G11P-00000-00.txt,Toeldte,PERSON
430,4TXK-W200-TX2G-G11P-00000-00.txt,Securities,ORGANIZATION
431,4TXK-W200-TX2G-G11P-00000-00.txt,and,ORGANIZATION
432,4TXK-W200-TX2G-G11P-00000-00.txt,Exchange,ORGANIZATION
433,4TXK-W200-TX2G-G11P-00000-00.txt,Commission,ORGANIZATION
434,4TXK-W200-TX2G-G11P-00000-00.txt,Vivek,PERSON
435,4TXK-W200-TX2G-G11P-00000-00.txt,Tapuriah,PERSON
436,4TXK-W200-TX2G-G11P-00000-00.txt,Frost,ORGANIZATION
437,4TXK-W200-TX2G-G11P-00000-00.txt,&,ORGANIZATION
438,4TXK-W200-TX2G-G11P-00000-00.txt,Sullivan,ORGANIZATION
439,4TS7-8D50-TX12-N155-00000-00.txt,Al,PERSON
440,4TS7-8D50-TX12-N155-00000-00.txt,Suguitan,PERSON
441,4TS7-8D50-TX12-N155-00000-00.txt,Greater,ORGANIZATION
442,4TS7-8D50-TX12-N155-00000-00.txt,Gateway,ORGANIZATION
443,4TS7-8D50-TX12-N155-00000-00.txt,Association,ORGANIZATION
444,4TS7-8D50-TX12-N155-00000-00.txt,of,ORGANIZATION
445,4TS7-8D50-TX12-N155-00000-00.txt,Realtors.He,ORGANIZATION
446,4TS7-8D50-TX12-N155-00000-00.txt,Suguitan,PERSON
447,4TS7-8D50-TX12-N155-00000-00.txt,Suguitan,PERSON
448,4TS7-8D50-TX12-N155-00000-00.txt,Madison,ORGANIZATION
449,4TS7-8D50-TX12-N155-00000-00.txt,County,ORGANIZATION
450,4TS7-8D50-TX12-N155-00000-00.txt,Circuit,ORGANIZATION
451,4TS7-8D50-TX12-N155-00000-00.txt,Clerk,ORGANIZATION
452,4TS7-8D50-TX12-N155-00000-00.txt,Dale,PERSON
453,4TS7-8D50-TX12-N155-00000-00.txt,Blachford,PERSON
454,4TS7-8D50-TX12-N155-00000-00.txt,Suguitan,PERSON
455,4TS7-8D50-TX12-N155-00000-00.txt,Suguitan,PERSON
456,4TS7-8D50-TX12-N155-00000-00.txt,Suguitan,PERSON
457,4TS7-8D50-TX12-N155-00000-00.txt,Blachford,PERSON
458,4TS7-8D50-TX12-N155-00000-00.txt,Blachford,PERSON
459,4TS7-8D50-TX12-N155-00000-00.txt,Fannie,ORGANIZATION
460,4TS7-8D50-TX12-N155-00000-00.txt,Mae,ORGANIZATION
461,4TS7-8D50-TX12-N155-00000-00.txt,Freddie,ORGANIZATION
462,4TS7-8D50-TX12-N155-00000-00.txt,Mac,ORGANIZATION
463,4TS7-8D50-TX12-N155-00000-00.txt,Blachford,PERSON
464,4TS7-8D50-TX12-N155-00000-00.txt,Blachford,PERSON
465,4TS7-8D50-TX12-N155-00000-00.txt,McClatchy,ORGANIZATION
466,4TS7-8D50-TX12-N155-00000-00.txt,-,ORGANIZATION
467,4TS7-8D50-TX12-N155-00000-00.txt,Tribune,ORGANIZATION
468,4TS7-8D50-TX12-N155-00000-00.txt,Information,ORGANIZATION
469,4TS7-8D50-TX12-N155-00000-00.txt,Services,ORGANIZATION
470,4TS7-8D50-TX12-N155-00000-00.txt,Permissions,ORGANIZATION
471,4TS7-8D50-TX12-N155-00000-00.txt,Group,ORGANIZATION
472,4TS7-8D50-TX12-N155-00000-00.txt,Inc.,ORGANIZATION
473,4TS7-8D50-TX12-N155-00000-00.txt,McClatchy,ORGANIZATION
474,4TS7-8D50-TX12-N155-00000-00.txt,-,ORGANIZATION
475,4TS7-8D50-TX12-N155-00000-00.txt,Tribune,ORGANIZATION
476,4TS7-8D50-TX12-N155-00000-00.txt,Business,ORGANIZATION
477,4TS7-8D50-TX12-N155-00000-00.txt,News,ORGANIZATION
478,4VB1-H3G0-TWJ8-K1JG-00000-00.txt,Treasuries,ORGANIZATION
479,4VB1-H3G0-TWJ8-K1JG-00000-00.txt,Congress,ORGANIZATION
480,4VB1-H3G0-TWJ8-K1JG-00000-00.txt,Chuck,PERSON
481,4VB1-H3G0-TWJ8-K1JG-00000-00.txt,Jaffe,PERSON
482,4VB1-H3G0-TWJ8-K1JG-00000-00.txt,MarketWatch,ORGANIZATION
483,4VCM-GVP0-TWTK-S1H3-00000-00.txt,PNC,ORGANIZATION
484,4VCM-GVP0-TWTK-S1H3-00000-00.txt,Financial,ORGANIZATION
485,4VCM-GVP0-TWTK-S1H3-00000-00.txt,Services,ORGANIZATION
486,4VCM-GVP0-TWTK-S1H3-00000-00.txt,Group,ORGANIZATION
487,4VCM-GVP0-TWTK-S1H3-00000-00.txt,Stuart,PERSON
488,4VCM-GVP0-TWTK-S1H3-00000-00.txt,Hoffman,PERSON
489,4VCM-GVP0-TWTK-S1H3-00000-00.txt,Hoffman,PERSON
490,4VCM-GVP0-TWTK-S1H3-00000-00.txt,Economic,ORGANIZATION
491,4VCM-GVP0-TWTK-S1H3-00000-00.txt,Club,ORGANIZATION
492,4VCM-GVP0-TWTK-S1H3-00000-00.txt,Hoffman,PERSON
493,4VCM-GVP0-TWTK-S1H3-00000-00.txt,Federal,ORGANIZATION
494,4VCM-GVP0-TWTK-S1H3-00000-00.txt,Reserve,ORGANIZATION
495,4VCM-GVP0-TWTK-S1H3-00000-00.txt,Fed,ORGANIZATION
496,4VCM-GVP0-TWTK-S1H3-00000-00.txt,Bank,ORGANIZATION
497,4VCM-GVP0-TWTK-S1H3-00000-00.txt,of,ORGANIZATION
498,4VCM-GVP0-TWTK-S1H3-00000-00.txt,New,ORGANIZATION
499,4VCM-GVP0-TWTK-S1H3-00000-00.txt,York,ORGANIZATION
500,4VCM-GVP0-TWTK-S1H3-00000-00.txt,Mellon,ORGANIZATION
501,4VCM-GVP0-TWTK-S1H3-00000-00.txt,Richard,PERSON
502,4VCM-GVP0-TWTK-S1H3-00000-00.txt,Hoey,PERSON
503,4VCM-GVP0-TWTK-S1H3-00000-00.txt,Hoey,PERSON
504,4VCM-GVP0-TWTK-S1H3-00000-00.txt,Hoey,PERSON
505,7WR4-6G21-2R2Y-73JC-00000-00.txt,Detroit,ORGANIZATION
506,7WR4-6G21-2R2Y-73JC-00000-00.txt,Free,ORGANIZATION
507,7WR4-6G21-2R2Y-73JC-00000-00.txt,Press,ORGANIZATION
508,7WR4-6G21-2R2Y-73JC-00000-00.txt,American,ORGANIZATION
509,7WR4-6G21-2R2Y-73JC-00000-00.txt,Federation,ORGANIZATION
510,7WR4-6G21-2R2Y-73JC-00000-00.txt,of,ORGANIZATION
511,7WR4-6G21-2R2Y-73JC-00000-00.txt,Teachers,ORGANIZATION
512,7WR4-6G21-2R2Y-73JC-00000-00.txt,AIG,ORGANIZATION
513,7WR4-6G21-2R2Y-73JC-00000-00.txt,American,ORGANIZATION
514,7WR4-6G21-2R2Y-73JC-00000-00.txt,International,ORGANIZATION
515,7WR4-6G21-2R2Y-73JC-00000-00.txt,Group,ORGANIZATION
516,7WR4-6G21-2R2Y-73JC-00000-00.txt,AIG,ORGANIZATION
517,7WR4-6G21-2R2Y-73JC-00000-00.txt,AIG,ORGANIZATION
518,7WR4-6G21-2R2Y-73JC-00000-00.txt,United,ORGANIZATION
519,7WR4-6G21-2R2Y-73JC-00000-00.txt,States,ORGANIZATION
520,7WR4-6G21-2R2Y-73JC-00000-00.txt,Travel,ORGANIZATION
521,7WR4-6G21-2R2Y-73JC-00000-00.txt,Association,ORGANIZATION
522,7WR4-6G21-2R2Y-73JC-00000-00.txt,Reggie,PERSON
523,7WR4-6G21-2R2Y-73JC-00000-00.txt,Burton,PERSON
524,7WR4-6G21-2R2Y-73JC-00000-00.txt,Nevada,ORGANIZATION
525,7WR4-6G21-2R2Y-73JC-00000-00.txt,Gaming,ORGANIZATION
526,7WR4-6G21-2R2Y-73JC-00000-00.txt,Xchange,ORGANIZATION
527,7WR4-6G21-2R2Y-73JC-00000-00.txt,Starbucks,ORGANIZATION
528,7WR4-6G21-2R2Y-73JC-00000-00.txt,Corp.,ORGANIZATION
529,7WR4-6G21-2R2Y-73JC-00000-00.txt,Herbst,ORGANIZATION
530,7WR4-6G21-2R2Y-73JC-00000-00.txt,Gaming,ORGANIZATION
531,7WR4-6G21-2R2Y-73JC-00000-00.txt,Clarke,ORGANIZATION
532,7WR4-6G21-2R2Y-73JC-00000-00.txt,County,ORGANIZATION
533,7WR4-6G21-2R2Y-73JC-00000-00.txt,Development,ORGANIZATION
534,7WR4-6G21-2R2Y-73JC-00000-00.txt,Corp.,ORGANIZATION
535,7WR4-6G21-2R2Y-73JC-00000-00.txt,Herbst,PERSON
536,7WR4-6G21-2R2Y-73JC-00000-00.txt,U.S.,ORGANIZATION
537,7WR4-6G21-2R2Y-73JC-00000-00.txt,Bankruptcy,ORGANIZATION
538,7WR4-6G21-2R2Y-73JC-00000-00.txt,Court,ORGANIZATION
539,7WR4-6G21-2R2Y-73JC-00000-00.txt,Reno,PERSON
540,7WR4-6G21-2R2Y-73JC-00000-00.txt,Herbst,PERSON
541,7WR4-6G21-2R2Y-73JC-00000-00.txt,Des,ORGANIZATION
542,7WR4-6G21-2R2Y-73JC-00000-00.txt,Moines,ORGANIZATION
543,7WR4-6G21-2R2Y-73JC-00000-00.txt,Register,ORGANIZATION
544,7WR4-6G21-2R2Y-73JC-00000-00.txt,Howard,PERSON
545,7WR4-6G21-2R2Y-73JC-00000-00.txt,Stutz,PERSON
546,7WR4-6G21-2R2Y-73JC-00000-00.txt,McClatchy,ORGANIZATION
547,7WR4-6G21-2R2Y-73JC-00000-00.txt,-,ORGANIZATION
548,7WR4-6G21-2R2Y-73JC-00000-00.txt,Tribune,ORGANIZATION
549,7WR4-6G21-2R2Y-73JC-00000-00.txt,Information,ORGANIZATION
550,7WR4-6G21-2R2Y-73JC-00000-00.txt,Services,ORGANIZATION
551,7WR4-6G21-2R2Y-73JC-00000-00.txt,Permissions,ORGANIZATION
552,7WR4-6G21-2R2Y-73JC-00000-00.txt,Group,ORGANIZATION
553,7WR4-6G21-2R2Y-73JC-00000-00.txt,Inc.,ORGANIZATION
554,7WR4-6G21-2R2Y-73JC-00000-00.txt,McClatchy,ORGANIZATION
555,7WR4-6G21-2R2Y-73JC-00000-00.txt,-,ORGANIZATION
556,7WR4-6G21-2R2Y-73JC-00000-00.txt,Tribune,ORGANIZATION
557,7WR4-6G21-2R2Y-73JC-00000-00.txt,Business,ORGANIZATION
558,7WR4-6G21-2R2Y-73JC-00000-00.txt,News,ORGANIZATION
559,4V83-HXY0-TX12-N0CP-00000-00.txt,Jerome,PERSON
560,4V83-HXY0-TX12-N0CP-00000-00.txt,Pappas,PERSON
561,4V83-HXY0-TX12-N0CP-00000-00.txt,Jerry,PERSON
562,4V83-HXY0-TX12-N0CP-00000-00.txt,Pappas,PERSON
563,4V83-HXY0-TX12-N0CP-00000-00.txt,McClatchy,ORGANIZATION
564,4V83-HXY0-TX12-N0CP-00000-00.txt,-,ORGANIZATION
565,4V83-HXY0-TX12-N0CP-00000-00.txt,Tribune,ORGANIZATION
566,4V83-HXY0-TX12-N0CP-00000-00.txt,Information,ORGANIZATION
567,4V83-HXY0-TX12-N0CP-00000-00.txt,Services,ORGANIZATION
568,4V83-HXY0-TX12-N0CP-00000-00.txt,Permissions,ORGANIZATION
569,4V83-HXY0-TX12-N0CP-00000-00.txt,Group,ORGANIZATION
570,4V83-HXY0-TX12-N0CP-00000-00.txt,Inc.,ORGANIZATION
571,4V83-HXY0-TX12-N0CP-00000-00.txt,McClatchy,ORGANIZATION
572,4V83-HXY0-TX12-N0CP-00000-00.txt,-,ORGANIZATION
573,4V83-HXY0-TX12-N0CP-00000-00.txt,Tribune,ORGANIZATION
574,4V83-HXY0-TX12-N0CP-00000-00.txt,Business,ORGANIZATION
575,4V83-HXY0-TX12-N0CP-00000-00.txt,News,ORGANIZATION
576,4SD2-N1S0-TX2Y-F19G-00000-00.txt,Cyfrowy,ORGANIZATION
577,4SD2-N1S0-TX2Y-F19G-00000-00.txt,Polsat,ORGANIZATION
578,4SD2-N1S0-TX2Y-F19G-00000-00.txt,Cyfrowy,ORGANIZATION
579,4SD2-N1S0-TX2Y-F19G-00000-00.txt,Polsat,ORGANIZATION
580,4SD2-N1S0-TX2Y-F19G-00000-00.txt,Dominik,PERSON
581,4SD2-N1S0-TX2Y-F19G-00000-00.txt,Libicki,PERSON
582,4SD2-N1S0-TX2Y-F19G-00000-00.txt,Vivendi,ORGANIZATION
583,4SD2-N1S0-TX2Y-F19G-00000-00.txt,ITI,ORGANIZATION
584,4SD2-N1S0-TX2Y-F19G-00000-00.txt,Group,ORGANIZATION
585,4SD2-N1S0-TX2Y-F19G-00000-00.txt,Andrew,PERSON
586,4SD2-N1S0-TX2Y-F19G-00000-00.txt,Katolo,PERSON
587,4SD2-N1S0-TX2Y-F19G-00000-00.txt,Central,ORGANIZATION
588,4SD2-N1S0-TX2Y-F19G-00000-00.txt,and,ORGANIZATION
589,4SD2-N1S0-TX2Y-F19G-00000-00.txt,Eastern,ORGANIZATION
590,4SD2-N1S0-TX2Y-F19G-00000-00.txt,Screen,ORGANIZATION
591,4SD2-N1S0-TX2Y-F19G-00000-00.txt,Digest,ORGANIZATION
592,4SD2-N1S0-TX2Y-F19G-00000-00.txt,Zygmunt,PERSON
593,4SD2-N1S0-TX2Y-F19G-00000-00.txt,Solorz,PERSON
594,4SD2-N1S0-TX2Y-F19G-00000-00.txt,-,PERSON
595,4SD2-N1S0-TX2Y-F19G-00000-00.txt,Zak,PERSON
596,4SD2-N1S0-TX2Y-F19G-00000-00.txt,Michal,PERSON
597,4SD2-N1S0-TX2Y-F19G-00000-00.txt,Maliszewski,PERSON
598,4SD2-N1S0-TX2Y-F19G-00000-00.txt,Polish,ORGANIZATION
599,4SD2-N1S0-TX2Y-F19G-00000-00.txt,Institute,ORGANIZATION
600,4SD2-N1S0-TX2Y-F19G-00000-00.txt,Scott,PERSON
601,4SD2-N1S0-TX2Y-F19G-00000-00.txt,Roxborough,PERSON
602,4SD2-N1S0-TX2Y-F19G-00000-00.txt,Mimi,PERSON
603,4SD2-N1S0-TX2Y-F19G-00000-00.txt,Turner,PERSON
604,4P06-5J00-TXCN-S33B-00000-00.txt,Labor,ORGANIZATION
605,4P06-5J00-TXCN-S33B-00000-00.txt,Department,ORGANIZATION
606,4P06-5J00-TXCN-S33B-00000-00.txt,Federal,ORGANIZATION
607,4P06-5J00-TXCN-S33B-00000-00.txt,Reserve,ORGANIZATION
608,4P06-5J00-TXCN-S33B-00000-00.txt,Treasury,ORGANIZATION
609,4P06-5J00-TXCN-S33B-00000-00.txt,Federal,ORGANIZATION
610,4P06-5J00-TXCN-S33B-00000-00.txt,Reserve,ORGANIZATION
611,4P06-5J00-TXCN-S33B-00000-00.txt,Commerce,ORGANIZATION
612,4P06-5J00-TXCN-S33B-00000-00.txt,Department,ORGANIZATION
613,7VJ2-R4F1-2R2Y-70S8-00000-00.txt,FDIC,ORGANIZATION
614,7VJ2-R4F1-2R2Y-70S8-00000-00.txt,State,ORGANIZATION
615,7VJ2-R4F1-2R2Y-70S8-00000-00.txt,Bank,ORGANIZATION
616,7VJ2-R4F1-2R2Y-70S8-00000-00.txt,of,ORGANIZATION
617,7VJ2-R4F1-2R2Y-70S8-00000-00.txt,Aurora,ORGANIZATION
618,7VJ2-R4F1-2R2Y-70S8-00000-00.txt,FDIC,ORGANIZATION
619,7VJ2-R4F1-2R2Y-70S8-00000-00.txt,Brickwell,ORGANIZATION
620,7VJ2-R4F1-2R2Y-70S8-00000-00.txt,Community,ORGANIZATION
621,7VJ2-R4F1-2R2Y-70S8-00000-00.txt,Bank,ORGANIZATION
622,7VJ2-R4F1-2R2Y-70S8-00000-00.txt,FDIC,ORGANIZATION
623,7VJ2-R4F1-2R2Y-70S8-00000-00.txt,State,ORGANIZATION
624,7VJ2-R4F1-2R2Y-70S8-00000-00.txt,Bank,ORGANIZATION
625,7VJ2-R4F1-2R2Y-70S8-00000-00.txt,of,ORGANIZATION
626,7VJ2-R4F1-2R2Y-70S8-00000-00.txt,Aurora,ORGANIZATION
627,7VJ2-R4F1-2R2Y-70S8-00000-00.txt,State,ORGANIZATION
628,7VJ2-R4F1-2R2Y-70S8-00000-00.txt,Bank,ORGANIZATION
629,7VJ2-R4F1-2R2Y-70S8-00000-00.txt,of,ORGANIZATION
630,7VJ2-R4F1-2R2Y-70S8-00000-00.txt,Aurora,ORGANIZATION
631,7VJ2-R4F1-2R2Y-70S8-00000-00.txt,FDIC,ORGANIZATION
632,7VJ2-R4F1-2R2Y-70S8-00000-00.txt,State,ORGANIZATION
633,7VJ2-R4F1-2R2Y-70S8-00000-00.txt,Bank,ORGANIZATION
634,7VJ2-R4F1-2R2Y-70S8-00000-00.txt,of,ORGANIZATION
635,7VJ2-R4F1-2R2Y-70S8-00000-00.txt,Aurora,ORGANIZATION
636,7VJ2-R4F1-2R2Y-70S8-00000-00.txt,Duluth,ORGANIZATION
637,7VJ2-R4F1-2R2Y-70S8-00000-00.txt,News,ORGANIZATION
638,7VJ2-R4F1-2R2Y-70S8-00000-00.txt,Tribune,ORGANIZATION
639,7VJ2-R4F1-2R2Y-70S8-00000-00.txt,Duluth,ORGANIZATION
640,7VJ2-R4F1-2R2Y-70S8-00000-00.txt,News,ORGANIZATION
641,7VJ2-R4F1-2R2Y-70S8-00000-00.txt,Tribune,ORGANIZATION
642,7VJ2-R4F1-2R2Y-70S8-00000-00.txt,McClatchy,ORGANIZATION
643,7VJ2-R4F1-2R2Y-70S8-00000-00.txt,-,ORGANIZATION
644,7VJ2-R4F1-2R2Y-70S8-00000-00.txt,Tribune,ORGANIZATION
645,7VJ2-R4F1-2R2Y-70S8-00000-00.txt,Information,ORGANIZATION
646,7VJ2-R4F1-2R2Y-70S8-00000-00.txt,Services,ORGANIZATION
647,7VJ2-R4F1-2R2Y-70S8-00000-00.txt,Permissions,ORGANIZATION
648,7VJ2-R4F1-2R2Y-70S8-00000-00.txt,Group,ORGANIZATION
649,7VJ2-R4F1-2R2Y-70S8-00000-00.txt,Inc.,ORGANIZATION
650,7VJ2-R4F1-2R2Y-70S8-00000-00.txt,McClatchy,ORGANIZATION
651,7VJ2-R4F1-2R2Y-70S8-00000-00.txt,-,ORGANIZATION
652,7VJ2-R4F1-2R2Y-70S8-00000-00.txt,Tribune,ORGANIZATION
653,7VJ2-R4F1-2R2Y-70S8-00000-00.txt,Business,ORGANIZATION
654,7VJ2-R4F1-2R2Y-70S8-00000-00.txt,News,ORGANIZATION
655,7X58-6750-Y9NW-H564-00000-00.txt,Sears,ORGANIZATION
656,7X58-6750-Y9NW-H564-00000-00.txt,JCPenney,ORGANIZATION
657,7X58-6750-Y9NW-H564-00000-00.txt,Macy,ORGANIZATION
658,7X58-6750-Y9NW-H564-00000-00.txt,Kmart,ORGANIZATION
659,7X58-6750-Y9NW-H564-00000-00.txt,Disney,ORGANIZATION
660,7X58-6750-Y9NW-H564-00000-00.txt,Stores,ORGANIZATION
661,7X58-6750-Y9NW-H564-00000-00.txt,Bob,PERSON
662,7X58-6750-Y9NW-H564-00000-00.txt,Friedland,PERSON
663,7X58-6750-Y9NW-H564-00000-00.txt,Zhu,PERSON
664,7X58-6750-Y9NW-H564-00000-00.txt,Zhu,PERSON
665,7X58-6750-Y9NW-H564-00000-00.txt,Ellenton,ORGANIZATION
666,7X58-6750-Y9NW-H564-00000-00.txt,Sara,PERSON
667,7X58-6750-Y9NW-H564-00000-00.txt,Ozgun,PERSON
668,7X58-6750-Y9NW-H564-00000-00.txt,Richard,PERSON
669,7X58-6750-Y9NW-H564-00000-00.txt,Hastings,PERSON
670,7X58-6750-Y9NW-H564-00000-00.txt,Global,ORGANIZATION
671,7X58-6750-Y9NW-H564-00000-00.txt,Hunter,ORGANIZATION
672,7X58-6750-Y9NW-H564-00000-00.txt,Securities,ORGANIZATION
673,7X58-6750-Y9NW-H564-00000-00.txt,Mike,PERSON
674,7X58-6750-Y9NW-H564-00000-00.txt,Niemira,PERSON
675,7X58-6750-Y9NW-H564-00000-00.txt,International,ORGANIZATION
676,7X58-6750-Y9NW-H564-00000-00.txt,Council,ORGANIZATION
677,7X58-6750-Y9NW-H564-00000-00.txt,of,ORGANIZATION
678,7X58-6750-Y9NW-H564-00000-00.txt,Shopping,ORGANIZATION
679,7X58-6750-Y9NW-H564-00000-00.txt,Hickory,ORGANIZATION
680,7X58-6750-Y9NW-H564-00000-00.txt,Farms,ORGANIZATION
681,7X58-6750-Y9NW-H564-00000-00.txt,Westfield,ORGANIZATION
682,7X58-6750-Y9NW-H564-00000-00.txt,Upper,ORGANIZATION
683,7X58-6750-Y9NW-H564-00000-00.txt,Pinellas,ORGANIZATION
684,7X58-6750-Y9NW-H564-00000-00.txt,Association,ORGANIZATION
685,7X58-6750-Y9NW-H564-00000-00.txt,for,ORGANIZATION
686,7X58-6750-Y9NW-H564-00000-00.txt,Retarded,ORGANIZATION
687,7X58-6750-Y9NW-H564-00000-00.txt,Citizens,ORGANIZATION
688,7X58-6750-Y9NW-H564-00000-00.txt,Facebook,ORGANIZATION
689,7X58-6750-Y9NW-H564-00000-00.txt,Twitter,ORGANIZATION
690,7X58-6750-Y9NW-H564-00000-00.txt,Dan,PERSON
691,7X58-6750-Y9NW-H564-00000-00.txt,de,PERSON
692,7X58-6750-Y9NW-H564-00000-00.txt,Grandpre,PERSON
693,7X58-6750-Y9NW-H564-00000-00.txt,Walmart,ORGANIZATION
694,7X58-6750-Y9NW-H564-00000-00.txt,Mark,PERSON
695,7X58-6750-Y9NW-H564-00000-00.txt,Albright,PERSON
696,7X58-6750-Y9NW-H564-00000-00.txt,Walmart,ORGANIZATION
697,7X58-6750-Y9NW-H564-00000-00.txt,Disney,ORGANIZATION
698,7X58-6750-Y9NW-H564-00000-00.txt,Macy,ORGANIZATION
699,7X58-6750-Y9NW-H564-00000-00.txt,A.M.,ORGANIZATION
700,7X58-6750-Y9NW-H564-00000-00.txt,-,ORGANIZATION
701,7X58-6750-Y9NW-H564-00000-00.txt,Kmart,ORGANIZATION
702,7X58-6750-Y9NW-H564-00000-00.txt,Dillard,PERSON
703,7X58-6750-Y9NW-H564-00000-00.txt,Kohl,PERSON
704,7X58-6750-Y9NW-H564-00000-00.txt,Walmart.House,ORGANIZATION
705,7X58-6750-Y9NW-H564-00000-00.txt,Big,ORGANIZATION
706,7X58-6750-Y9NW-H564-00000-00.txt,Research,ORGANIZATION
707,7X58-6750-Y9NW-H564-00000-00.txt,Kohl,PERSON
